permit_number,address,neighborhood,type,value,status,description,applied_date,issued_date,completed_date,contractor_name,contractor_license,housing_units,review_level,primary_property_use,parcel_number,work_performed_by,number_review_cycles,total_days_plan_review
7137849-CN,"2972 S GRAHAM ST, SEATTLE, WA",Hillman City,residential,601717,active,Establish use as housing for one detached housing units  per land use code. Existing detached dwelling to remain. Construct new one-family dwelling  per plan.,2026-05-05,2026-07-02,,,,1,Full +,Single Family/Duplex,DV1137945,Owner/Lessee,4,57
7126293-CN,"3520 27TH PL W, SEATTLE, WA",Magnolia,residential,35000,active,Construct voluntary seismic improvements to a multi-family building  per plans,2026-05-04,2026-07-02,,Mountain West Development Inc,MOUNTWD774CA,0,Full +,Multifamily,DV0032988,Licensed Contractor,2,57
7123139-CN,"9830 43RD PL NE, SEATTLE, WA",Meadowbrook,residential,75000,new,Construct foundation repair with helical-piles for existing one-family dwelling  per plans.,2026-04-10,2026-07-02,,,,0,,,,,3,
7127488-DM,"13515 27TH AVE NE, SEATTLE, WA",Pinehurst,residential,1200000,active,Demolish existing one family dwelling  detached accessory structure  and hard surfaces  Subject to Field Inspection (STFI).,2026-03-24,2026-07-02,,,,-1,,,,,0,
7115182-CN,"4511 50TH AVE SW, SEATTLE, WA",West Seattle,residential,200000,active,Construct site improvements accessory to existing one-family dwelling  per plan,2026-02-12,2026-07-02,,,,0,,,,,3,117
7116461-CN,"3013 NE 103RD ST, SEATTLE, WA",Meadowbrook,residential,372895,active,Establish use as single-family dwelling units  per Land Use Code.  Construct new middle one family dwelling (SFR B)  per plan.,2025-12-04,2026-07-02,,,,1,,,,,4,201
6877254-CN,"12320 24TH AVE NE, SEATTLE, WA",Other Seattle,residential,2000,active,Remove unpermitted detached shed accessory to existing single family residence and stabilize associated slope area  per plan.,2025-10-14,2026-07-02,,,,0,,,,,3,260
7144578-DM,"325 DENNY WAY, SEATTLE, WA",Belltown,land,500000,active,Demolish existing commercial building  per plan.,2026-06-08,2026-07-02,,,,0,,,,,2,18
7145190-CN,"6045 CALIFORNIA AVE SW, SEATTLE, WA",West Seattle,commercial,10000,active,Tenant Improvement for food processing establishment   Subject to field inspection (STFI),2026-06-30,2026-07-02,,,,0,,,,,0,
7151164-CN,"1501 4TH AVE, Seattle, WA",Downtown,commercial,41000,active,Construct non structural tenant improvement to office space  subject to field inspection  STFI.,2026-07-02,2026-07-02,,,,0,,,,,,
7136109-DM,"2004 30th AVE S, Seattle, WA",Mt Baker,residential,400000,active,Demolish existing one family dwelling  existing foundation to remain  per plan.,2026-07-02,2026-07-02,,,,0,,,,,0,
7151167-CN,"1501 4TH AVE, Seattle, WA",Downtown,commercial,37000,active,Construct non structural tenant improvement to existing office space  subject to field inspection  STFI.,2026-07-02,2026-07-02,,,,0,,,,,,
7149049-CN,"500 FAIRVIEW AVE N, Seattle, WA",South Lake Union,commercial,354287,active,Construct interior  non-structural alterations to research lab tenant at the 7th floor level of commercial building  per plan.,2026-07-01,2026-07-02,,,,0,,,,,0,
7151057-CN,"1501 4TH AVE, SEATTLE, WA",Downtown,commercial,39000,active,Construct tenant improvements at 20th floor tenant space in commercial office building [CENTURY SQUARE]  subject to field inspection [STFI].,2026-07-01,2026-07-02,,,,0,,,,,,
7150945-CN,"900 LENORA ST, Seattle, WA",Downtown,residential,25000,active,Construct non structural interior alterations to condo unit  W700  subject to field inspection  STFI.,2026-07-01,2026-07-02,,,,0,,,,,0,
7151058-CN,"4208 E LYNN ST, SEATTLE, WA",Madison Park,residential,90000,active,Repair and replace in kind exterior envelope of one-family dwelling  subject to field inspection [STFI]. Any structural repair shall be replacement in kind.,2026-07-01,2026-07-02,,,,0,,,,,,
7150924-CN,"11937 LAKESIDE AVE NE, SEATTLE, WA",Lake City,residential,13040,active,Construct alterations for one-family dwelling  subject to field inspection [STFI].,2026-07-01,2026-07-02,,,,0,,,,,0,
7140722-CN,"7530 43RD AVE NE, SEATTLE, WA",Ravenna,residential,20210,active,Construct detached garage for a one-family dwelling  per plan.,2026-05-22,2026-07-01,,,,0,Full +,Single Family/Duplex,DV1148904,Owner/Lessee,2,38
7132825-CN,"1718 MELROSE AVE, SEATTLE, WA",Downtown,residential,75000,active,Construct alterations to existing multi-family building at roof level  per plan.,2026-05-15,2026-07-01,,,PACIFCC852N4,0,Full +,Multifamily,DV0014589,Licensed Contractor,2,47
7141013-CN,"4540 CALIFORNIA AVE SW, SEATTLE, WA",West Seattle,commercial,80000,active,Change of use from retail to custom and craft work  per land use code. Construct tenant improvements in a commercial building (for The Works)  occupy per plan.,2026-05-13,2026-07-01,,Plumb Level Square LLC,PLUMBLS867DQ,0,Full +,Commercial,DV0005683,Licensed Contractor,2,47
7140761-CN,"9253 25TH AVE SW, SEATTLE, WA",White Center,residential,180695,active,Allow housing for detached dwelling unit  per land use code.  Existing detached dwelling to remain.   Construct new one family dwelling  per standard plan 6794017-SP,2026-05-12,2026-07-01,,TRILOGY BUILDERS INC,TRILOBI828LM,1,Full,Single Family/Duplex,DV1147259,Licensed Contractor,2,50
7138254-CN,"4115 47TH AVE S, SEATTLE, WA",Other Seattle,residential,30155,active,Construct detached garage accessory to existing one family dwelling  per plan. Remove existing detached garage.,2026-04-30,2026-07-01,,Urban Oasis Dsgn & Const LLC,URBANOD903J8,0,Full +,Single Family/Duplex,DV1126939,Licensed Contractor,3,61
7117847-DM,"128 S ORCAS ST, SEATTLE, WA",Georgetown,industrial,2165180,active,Demolish existing commercial building  per plan.,2026-04-16,2026-07-01,,Steffen Deetjen,,0,Full +,Industrial,DV0043306,,3,61
7105087-DM,"7324 27TH AVE NW, SEATTLE, WA",Ballard,residential,600000,active,Establish use as vacant land  per land use code. Demolish one-family dwelling  per plan. Project includes removal of (1) detached accessory structure (garage).,2026-04-09,2026-07-01,,,,0,,,,,2,47
7129981-CN,"2660 NE UNIVERSITY VILLAGE ST, SEATTLE, WA",University District,commercial,435000,active,Construct tenant improvement for retail (J Crew) at ground and second floor of existing commercial building  per plan. Mechanical included,2026-03-25,2026-07-01,,,,0,,,,,2,98
7130168-CN,"1702 BIGELOW AVE N, SEATTLE, WA",Queen Anne,residential,50000,active,Construct soldier pile wall per plan to stabilize and level eastern portion of rear yard per plan.,2026-03-18,2026-07-01,,,,0,,,,,3,103
7118453-CN,"600 UNIVERSITY ST, SEATTLE, WA",Downtown,commercial,181191,active,Tenant Improvements for office (Buchalter) at 31st floor of existing Office Building  per plan.,2026-03-03,2026-07-01,,,,0,,,,,2,107
7086948-CN,"1405 N 46TH ST, SEATTLE, WA",Fremont,residential,832000,active,Construct addition and substantial alterations to existing one family dwelling  per plan.,2025-12-30,2026-07-01,,,,0,,,,,3,183
7121560-CN,"4052 WILLIAMS AVE W, SEATTLE, WA",Magnolia,residential,219389,active,Construct new one-family dwelling (South  DADU)  per plan. (Establish use as single-family residence with detached accessory dwelling unit  per Land Use Code.  Construct two new one-family dwellings  per plan.  Review and processing for two records under 7100718-CN.),2025-12-16,2026-07-01,,Alexander Hiebert,,1,,,,,0,197
7100718-CN,"2719 W ELMORE ST, SEATTLE, WA",Magnolia,residential,746879,active,Construct new one-family dwelling (North  SFR)  per plan. (Establish use as single-family residence with detached accessory dwelling unit  per Land Use Code. Construct two new one-family dwellings  per plan.  Review and processing for two records under 7100718-CN.),2025-12-16,2026-07-01,,Alexander Hiebert,,1,,,,,3,197
7137099-CN,"2019 FRANKLIN AVE E, SEATTLE, WA",Eastlake,residential,500000,active,Construct emergency repairs to apartment building  per plan,2026-05-29,2026-07-01,,,,0,,,,,2,31
7140774-CN,"3255 PERKINS LN W, SEATTLE, WA",Magnolia,residential,70000,active,Construct exterior deck and trellis accessory to a one-family dwelling  subject to field inspection (STFI),2026-06-02,2026-07-01,,,,0,,,,,0,
7136702-CN,"3022 47TH AVE SW, SEATTLE, WA",West Seattle,residential,50000,active,Construct addition and alterations to existing single family residence  per plan.,2026-06-10,2026-07-01,,,,0,,,,,2,21
7143454-CN,"835 NW 57TH ST, SEATTLE, WA",Phinney Ridge,residential,50000,active,Construct interior alterations to one family dwelling  subject to field inspection  STFI.,2026-06-16,2026-07-01,,,,0,,,,,0,
7148597-CN,"4333 BROOKLYN AVE NE, SEATTLE, WA",University District,commercial,100000,active,Construct tenant improvement to existing office building (UW Tower Floor 22) at two new conference rooms  subject to field inspection (STFI).,2026-06-17,2026-07-01,,,,0,,,,,0,
7148750-CN,"1300 UNIVERSITY ST, SEATTLE, WA",Capitol Hill,residential,20000,active,Construct repairs in kind to existing multi-family building  subject to field inspection (STFI).,2026-06-17,2026-07-01,,,,0,,,,,0,
7127955-CN,"5914 WILSON AVE S, SEATTLE, WA",Seward Park,residential,100000,active,Construct alterations to one-family dwelling at kitchen  dining  and bedrooms  subject to field inspection (STFI),2026-06-29,2026-07-01,,,,0,,,,,0,
7150963-CN,"159 BLAINE ST, SEATTLE, WA",Queen Anne,residential,50000,active,Construct non-structural interior alterations to one family dwelling  subject to field inspection  STFI.,2026-07-01,2026-07-01,,,,0,,,,,0,
7151046-CN,"7534 JONES AVE NW, SEATTLE, WA",Ballard,residential,10000,active,Construct alterations to existing single family residence  subject to field inspection (STFI).,2026-07-01,2026-07-01,,,,0,,,,,,
7142260-CN,"3116 NE 130TH ST, SEATTLE, WA",Lake City,commercial,41000,active,Construct alterations to an existing rooftop minor communications antenna facility  per plan.,2026-05-26,2026-06-30,,,,0,Full,Commercial,DV0015602,Owner/Lessee,2,34
7134328-CN,"803 24TH AVE E, SEATTLE, WA",Capitol Hill,residential,120000,active,Construct new retaining wall to replace existing wall adjacent to existing one family dwelling  per plan.,2026-05-21,2026-06-30,,ASPEN RENOVATE LLC,ASPENRL796NR,0,Full +,Single Family/Duplex,DV1153609,Licensed Contractor,2,40
7141844-CN,"5268 18TH AVE NE, SEATTLE, WA",Ravenna,residential,93670,active,Allow housing for one new stacked dwelling unit within an existing structure per land use code. Construct interior alterations to one-family dwelling to create a two-family dwelling  per plan.,2026-05-13,2026-06-30,,,,1,Full +,Single Family/Duplex,DV0022489,Owner/Lessee,3,48
7139307-CN,"2647 E WARD ST, SEATTLE, WA",Madison Valley,residential,50000,active,Allow housing for one new stacked dwelling unit within an existing structure  per land use code.  Construct alterations for a two-family dwelling  per plan.,2026-05-05,2026-06-30,,NEWBILL PAINTING & CONTR LLC,NEWBIPC889LL,1,Full +,Single Family/Duplex,DV0091288,Licensed Contractor,3,55
7116153-CN,"5539 A 35TH AVE NE, SEATTLE, WA",Ravenna,residential,777476,active,Construct new two-family dwelling  per plan. (Establish use as housing and construct two attached dwelling units per the land use code. Construct new one- and two-family dwellings  per plan. Reviews and processing for two records under 7116153),2026-02-17,2026-06-30,,,,2,,,,,3,133
7127921-CN,"5537 35TH AVE NE, SEATTLE, WA",Ravenna,residential,356373,active,Construct new one-family dwelling  per plan. (Establish use as housing and construct two attached dwelling units per the land use code. Construct new one- and two-family dwellings  per plan. Reviews and processing for two records under 7116153),2026-02-17,2026-06-30,,,,1,,,,,0,133
7114323-CN,"3847 1ST AVE S, SEATTLE, WA",SoDo,industrial,2000572,active,Change of use from light manufacturing to indoor participant sports per land use code. Construct tenant improvement for Dance School (PN Ballet) at northeast section of 3rd floor of existing commercial building  occupy per plan. Mechanical included,2026-01-15,2026-06-30,,,,0,,,,,3,166
7128353-CN,"3517 E OLIVE ST, SEATTLE, WA",Madrona,residential,122817,active,Construct alterations to basement level and main level stair door of a one-family dwelling  per plan,2026-06-04,2026-06-30,,,,0,,,,,2,26
7145788-CN,"4000 27TH AVE W, SEATTLE, WA",Magnolia,commercial,35000,active,Construct alterations to existing school ( Lawton Elementary) at roof  per plan.,2026-06-05,2026-06-30,,,,0,,,,,2,25
7147640-CN,"101 WESTLAKE AVE N, SEATTLE, WA",Downtown,commercial,25000,active,Install box truss arch for outdoor event (Amazon Bring your Kids to Work Day 2026)  Per Plan. Installation will be from July 21st to July 25th and be done by professional crew.  Owner responsible for structural integrity of arch.,2026-06-11,2026-06-30,,,,0,,,,,2,18
7150342-CN,"12352 LAKE CITY WAY NE, SEATTLE, WA",Lake City,commercial,15000,active,Construct alterations for office space at level 2 of existing commercial building  subject to field inspection (STFI),2026-06-26,2026-06-30,,,,0,,,,,0,
7150378-CN,"5532 NE 55TH ST, SEATTLE, WA",Laurelhurst,residential,100000,active,Construct alterations to one family dwelling  subject to field inspection  STFI.,2026-06-27,2026-06-30,,,,0,,,,,0,
7150474-CN,"1400 2ND AVE N, SEATTLE, WA",Queen Anne,residential,60000,active,Construct non structural interior alterations to condo unit 292  subject to field inspection  STFI.,2026-06-29,2026-06-30,,,,0,,,,,0,
7150391-CN,"1126 19th AVE E, Seattle, WA",Capitol Hill,residential,15000,active,Construct interior alterations to create bathroom in basement of one family dwelling  subject to field inspection  STFI.,2026-06-28,2026-06-30,,,,0,,,,,0,
7126716-CN,"318 NICKERSON ST, SEATTLE, WA",Queen Anne,commercial,100000,active,Initial tenant improvement in a mixed-use building on ground floor  per plan.,2026-05-21,2026-06-29,,CHAIN CONSTRUCTION LLC,CHAINCL825NU,0,Full +,Commercial,DV0093990,Licensed Contractor,2,35
7125972-CN,"3303 NW 72ND ST, SEATTLE, WA",Ballard,residential,140785,active,Construct alterations to basement and new deck and trellis for existing one family dwelling  per plan.,2026-05-06,2026-06-29,,JAS DESIGN-BUILD INC,JASDEDI775QN,0,Full +,Single Family/Duplex,DV0031158,Licensed Contractor,2,28
7135581-CN,"1404 N 47TH ST, SEATTLE, WA",Fremont,residential,80000,active,Construct alterations at level 1 of existing townhouse unit (Unit 3 / 1404)  per plan.,2026-04-28,2026-06-29,,LEVITE CONSTRUCTION CO,LEVITCC782DH,0,Full +,Multifamily,DV0066954,Licensed Contractor,3,59
7119165-CN,"3413 NW 57TH ST, SEATTLE, WA",Ballard,residential,750000,active,Construct addition and substantial alterations to existing one family dwelling  per plan.,2026-04-09,2026-06-29,,,,0,,,,,2,75
7108199-CN,"370 THOMAS ST, SEATTLE, WA",Belltown,commercial,15000000,active,Construct alterations to renovate historic Seattle Center Monorail Station  per plan.  Mechanical work included  this permit.,2026-03-11,2026-06-29,,,,0,,,,,3,106
7117266-CN,"1534 LAKESIDE AVE S, SEATTLE, WA",Mt Baker,residential,147210,active,Construct repairs to existing dock and piles  per plan,2026-02-24,2026-06-29,,,,0,,,,,3,121
7123230-CN,"412 W MERCER ST, SEATTLE, WA",Other Seattle,residential,38000,active,Foundation repair at SW corner of existing multifamily building  per plan.,2026-01-20,2026-06-29,,,,0,,,,,3,160
7139709-CN,"3506 NE 135TH ST, SEATTLE, WA",Lake City,residential,204275,active,Allow housing for one new detached dwelling unit  per land use code. Existing detached dwelling to remain. Construct new one-family dwelling  per standard plan 6880596-SP.  Includes removal of accessory carport and shed.,2026-05-27,2026-06-29,,,,1,,,,,3,30
7143756-DM,"10404 CALIFORNIA AVE SW, SEATTLE, WA",Other Seattle,residential,5000,active,Demolish detached garage accessory to existing single family residence  parking to remain  subject to field inspection.,2026-06-11,2026-06-29,,,,0,,,,,0,
7149994-CN,"2942 A S FONTANELLE ST, SEATTLE, WA",Rainier Valley,residential,10455,active,We will be replacing (4) windows in a like for like sizing manner  no structural modifications to be made  subject to field inspection  STFI.,2026-06-24,2026-06-29,,,,0,,,,,0,
7150311-CN,"2509 13th AVE W, Seattle, WA",Interbay,residential,45000,active,Construct repairs of water damage on second floor of one-family dwelling  subject to field inspection (STFI),2026-06-26,2026-06-29,,,,0,,,,,0,
7147717-CN,"4863 S BATEMAN ST, SEATTLE, WA",Rainier Valley,residential,30000,active,Construct alterations to existing one family dwelling to enclose carport  subject to field inspection (STFI).,2026-06-26,2026-06-29,,,,0,,,,,0,
7150381-CN,"1239 NE 89TH ST, SEATTLE, WA",Maple Leaf,residential,7972,active,Replace 8 windows  like for like  in existing single family residence  subject to field inspection  STFI.,2026-06-27,2026-06-29,,,,0,,,,,0,
7150379-CN,"515 N 79TH ST, SEATTLE, WA",Phinney Ridge,residential,8788,active,Replace 8 windows  like for like.  No size/structural changes to one family dwelling  subject to field inspection  STFI.,2026-06-27,2026-06-29,,,,0,,,,,0,
7150380-CN,"2848 23RD AVE W, SEATTLE, WA",Magnolia,residential,7217,active,Replace 3 windows and 1 patio door like for like.  No size/structural changes  subject to field inspection  STFI.,2026-06-27,2026-06-29,,,,0,,,,,0,
7150406-CN,"7325 17TH AVE NE, SEATTLE, WA",Roosevelt,residential,3600,active,Construct voluntary seismic upgrade to interior basement of SFR  per plan  STFI,2026-06-29,2026-06-29,,,,0,,,,,0,
7150390-CN,"1403 2nd AVE N, Seattle, WA",Queen Anne,residential,3500,active,Voluntary seismic retrofit upgrade to basement of SFR  per engineered plan set  STFI,2026-06-28,2026-06-29,,,,0,,,,,0,
7149247-CN,"7740 18TH AVE NE, SEATTLE, WA",Maple Leaf,residential,62500,active,Construct interior alterations to add bathroom in basement of one family dwelling  subject to field inspection  STFI. (Separate trades permit required for trades work).,2026-06-22,2026-06-28,,,,0,,,,,0,
7142360-BK,"1301 5TH AVE, SEATTLE, WA",Downtown,commercial,150000,active,Blanket permit tenant improvements for MILLIMAN on floors 36-39 of existing commercial building  per plan.,2026-05-12,2026-06-26,,,,0,Full +,Commercial,DV0029706,,2,42
7126476-CN,"3530 27TH PL W, SEATTLE, WA",Magnolia,residential,28000,active,Construct voluntary seismic improvements to a multi-family building  per plans,2026-05-04,2026-06-26,,Mountain West Development Inc,MOUNTWD774CA,0,Full +,Multifamily,DV1143189,Licensed Contractor,2,53
7117581-DM,"6607 CARLETON AVE S, SEATTLE, WA",Georgetown,residential,1400000,active,Demolish existing one family dwelling and accessory structures  per plan.,2026-04-06,2026-06-26,,,,0,,,,,2,77
7136577-DM,"6700 WEST MARGINAL WAY SW, SEATTLE, WA",Georgetown,industrial,20000,active,Demolition of a modular building subject to field inspection (STFI),2026-04-03,2026-06-26,,,,-1,,,,,0,
7106790-CN,"5806 56TH AVE NE, SEATTLE, WA",Laurelhurst,residential,810567,active,Establish use as single family residence with attached accessory dwelling unit per land use code. Construct new two family dwelling with detached garage  per plan.,2026-01-21,2026-06-26,,,,1,,,,,4,156
7104569-CN,"7317 45TH AVE NE, SEATTLE, WA",View Ridge,residential,165000,active,Allow an attached accessory dwelling unit per the land use code. Construct substantial alterations for a two-family dwelling and second story addition  per plans,2025-12-19,2026-06-26,,,,1,,,,,2,153
7118048-CN,"843 S THISTLE ST, SEATTLE, WA",South Park,residential,50000,active,Allow detached accessory dwelling unit as subordinate to existing single-family dwelling unit  per land use code. Construct substantial alterations to existing accessory structure  per plan.,2025-12-19,2026-06-26,,,,1,,,,,3,179
7118700-CN,"10729 B SAND POINT WAY NE, SEATTLE, WA",Meadowbrook,residential,392754,active,Construct new one family dwelling (Unit 2) per plan. (Establish use as single-family residence per land use code. Construct four new one-family dwellings  per plan. Review and processing for four records under 7097336-CN),2025-12-10,2026-06-26,,,,1,,,,,0,188
7118701-CN,"10729 C SAND POINT WAY NE, SEATTLE, WA",Meadowbrook,residential,392754,active,Construct new one family dwelling (Unit 3) per plan. (Establish use as single-family residence per land use code. Construct four new one-family dwellings  per plan. Review and processing for four records under 7097336-CN),2025-12-03,2026-06-26,,,,1,,,,,0,195
7118702-CN,"10729 D SAND POINT WAY NE, SEATTLE, WA",Meadowbrook,residential,392754,active,Construct new one family dwelling (Unit 4) per plan. (Establish use as single-family residence per land use code. Construct four new one-family dwellings  per plan. Review and processing for four records under 7097336-CN),2025-12-01,2026-06-26,,,,1,,,,,0,197
7097336-CN,"10729 A SAND POINT WAY NE, SEATTLE, WA",Other Seattle,residential,392754,active,Construct new one family dwelling (Unit 1) per plan. (Establish use as single-family residence per land use code. Construct four new one-family dwellings  per plan. Review and processing for four records under 7097336-CN),2025-12-01,2026-06-26,,,,1,,,,,4,197
7110761-CN,"8320 30TH AVE NW, SEATTLE, WA",Ballard,residential,99704,active,Construct new one family dwelling  per plan. (Establish use as single family residence with detached accessory dwelling unit per land use code. Construct 2 new one family dwellings  per plan. Review and processing for two records under 7108470-CN),2025-10-09,2026-06-26,,,,1,,,,,0,252
7108470-CN,"8320 B 30TH AVE NW, SEATTLE, WA",Ballard,residential,679887,active,Construct new west  one family dwelling  per plan (Establish use as single family residence with detached accessory dwelling unit per land use code. Construct 2 new one-family dwellings  per plan. Review and processing for two records under 7108470-CN),2025-10-09,2026-06-26,,,,1,,,,,4,252
7136075-CN,"2025 TERRY AVE, SEATTLE, WA",Downtown,residential,2000,active,Install exterior gate at vestibule of existing multifamily building (Cornish College of the Arts student housing)  per plan,2026-06-03,2026-06-26,,,,0,,,,,4,22
7146559-CN,"5257 44TH AVE SW, SEATTLE, WA",West Seattle,residential,,active,Seismic retrofit of basement cripple wall to foundation and first floor using city's prescriptive earthquake home retrofit plan set.,2026-06-05,2026-06-26,,,,0,,,,,2,17
7145675-CN,"12317 15TH AVE NE, SEATTLE, WA",Northgate,commercial,20000,active,Change of use from office to indoor sports and recreation  per land use code.  Construct as tenant improvements to office (Suite 108) for game room rental business (Silver Door Games) and occupy  per plan.,2026-06-15,2026-06-26,,,,0,,,,,2,10
7148512-CN,"10700 MERIDIAN AVE N, SEATTLE, WA",Northgate,commercial,250000,active,Construct tenant improvement to L - 2 professional medical suite  subject to field inspection  STFI,2026-06-16,2026-06-26,,,,0,,,,,0,
7130279-CN,"450 12TH AVE, SEATTLE, WA",First Hill,commercial,152400,active,Change use from beauty salon to eating and drinking  per land use code. Construct tenant improvements in mixed-use building on SW corner of ground floor (Minna Mediterranean)  occupy per plan.,2026-05-26,2026-06-25,,,,0,Full +,Commercial,DV0019796,,2,28
7111675-CN,"7043 BEACH DR SW, SEATTLE, WA",West Seattle,residential,22174,active,Construct alterations to existing garage accessory to one family dwelling  per plan.,2026-05-23,2026-06-25,,,,0,Full +,Multifamily,DV1321593,,2,32
7144415-BK,"83 S KING ST, SEATTLE, WA",Pioneer Square,commercial,350000,active,Construct blanket permit tenant improvements to future tenant on the fourth floor of existing commercial building  per plan.,2026-05-22,2026-06-25,,,,0,Full C,Commercial,DV0070278,,1,6
7122477-DM,"4428 GREENWOOD AVE N, SEATTLE, WA",Fremont,residential,,active,Demolish residential structure  per plans,2026-05-14,2026-06-25,,GREENCITY DEVELOPMENT LLC,GREENDL842LL,0,Full +,Multifamily,DV0004489,Licensed Contractor,1,18
7139538-CN,"7716 32ND AVE NE, SEATTLE, WA",Ravenna,residential,84061,active,Construct addition and alterations to existing one-family dwelling and detached accessory structure  per plan.,2026-05-12,2026-06-25,,CB CONSTRUCTION,CBCONC*852P8,0,Full +,Single Family/Duplex,DV1118114,Licensed Contractor,2,44
7116458-DM,"3423 61ST AVE SW, SEATTLE, WA",West Seattle,residential,800000,active,Demolish existing one-family dwelling and detached carport  per plan.,2026-05-05,2026-06-25,,,,-1,Full +,Single Family/Duplex,DV1153938,Owner/Lessee,1,16
7098203-CN,"7767 SEWARD PARK AVE S, SEATTLE, WA",Rainier Beach,residential,132638,active,Allow housing for one new detached dwelling unit  per land use code. Existing detached dwelling to remain. Construct new one-family dwelling  per plan. Remove existing detached garage.,2026-05-04,2026-06-25,,KOHL CONST & REMODELING INC,KOHLCRI033RP,1,Full +,Single Family/Duplex,DV0078195,Licensed Contractor,2,51
7139978-CN,"6401 12TH AVE NE, SEATTLE, WA",Roosevelt,commercial,150000,active,Construct alterations to existing commercial building at South ground level  per plan.,2026-05-01,2026-06-25,,,,0,Full +,Commercial,DV0066136,,3,54
7135156-CN,"1009 N 42ND ST, SEATTLE, WA",Fremont,residential,27822,active,Construct alterations to existing one family dwelling for pin piles at foundation  per plan.,2026-04-20,2026-06-25,,R&R FOUNDATION SPECIALIST LLC,RRFOUFS829DA,0,Full +,Single Family/Duplex,DV0023740,Licensed Contractor,2,63
7083709-CN,"6411 11TH AVE NW, SEATTLE, WA",Ballard,residential,141830,active,Allow housing for one new detached dwelling unit  per land use code. Construct substantial alterations to existing detached accessory building for a new one-family dwelling  per plan.,2026-04-01,2026-06-25,,,,1,,,,,3,84
7133084-CN,"605 N 100TH ST, SEATTLE, WA",Greenwood,residential,263449,active,Allow housing for one new detached dwelling unit  per land use code.  Existing detached dwelling to remain. Build one new single family dwelling and establish use as standard plan.,2026-03-26,2026-06-25,,,,1,,,,,3,91
7112792-CN,"114 NW 83RD ST, SEATTLE, WA",Phinney Ridge,residential,406112,active,Construct two-family dwelling (Proposed SFR+AADU)  per plan. ([LAND USE DESCRIPTION] Construct (1) new two-family dwelling and alterations to (1) existing one-family dwelling  per plan. Review and processing for (2) records under 7112792-CN.),2026-03-11,2026-06-25,,,,2,,,,,3,78
