permit_number,address,neighborhood,type,value,status,description,detailed_description,applied_date,issued_date,completed_date,expires_date,plan_review_complete_date,ready_to_issue_date,contractor_name,contractor_specialty,contractor_license,housing_units,housing_units_added,housing_units_removed,housing_category,review_level,primary_property_use,work_performed_by,parcel_number,number_review_cycles,total_days_plan_review,days_out_corrections,has_required_inspections,has_completed_inspections,permit_detail_url,record_status_detail
6898714-DM,"900 UNIVERSITY ST, SEATTLE, WA",First Hill,residential,180000000,active,Demolish existing apartment building  per plan.,"Demolition Demolish existing apartment building, per plan.",2025-05-08,2025-12-09,,2027-06-09,,,ANDERSEN CONST CO OF WASH LLC,General Contractor,ANDERCC822BW,0,,,,Full +,Multifamily,Licensed Contractor,DV0080553,,,,1,0,https://services.seattle.gov/portal/customize/LinkToRecord.aspx?altId=6898714-DM,Issued
6822319-DM,"8815 SEWARD PARK AVE S, SEATTLE, WA",Rainier Beach,commercial,155000000,active,Demolish existing institutional building (Rainier Beach High School)  per plan.,"Rainier Beach HS replacement Demolish existing institutional building (Rainier Beach High School), per plan.",2025-01-02,2025-04-14,,2026-10-14,,,LYDIG CONSTRUCTION INC,General Contractor,LYDIGC*264JC,0,,,,Full +,Commercial,Licensed Contractor,DV0012894,,,,1,0,https://services.seattle.gov/portal/customize/LinkToRecord.aspx?altId=6822319-DM,Issued
7105876-CN,2901 27TH AVE S,Beacon Hill,commercial,150000000,new,Construct north mixed-use building  occupy per plan. (Construct (2) mixed-use building  occupy per plan. Review and processing for two records under 7046346-CN),,2025-09-09,,,,,,,,,0,,,,Dependent Building,Commercial,,DV0022053,,,,0,0,,
7009320-DM,"4747 30TH AVE NE, SEATTLE, WA",University District,commercial,129000000,active,Demolition of student housing apartment (UW Blakeley Village Bldg. A)  per plan,"Master Use Permit Demolition of student housing apartment (UW Blakeley Village Bldg. A), per plan",2024-10-07,2025-10-06,,2027-04-06,,,EXXEL PACIFIC INC,General Contractor,EXXELPI073KN,0,,,,Full +,Institutional,Licensed Contractor,DV0059039,,,,1,0,https://services.seattle.gov/portal/customize/LinkToRecord.aspx?altId=7009320-DM,Issued
7009657-DM,"4747 30TH AVE NE, SEATTLE, WA",University District,commercial,129000000,active,Demolition of student housing apartment (UW Blakeley Village Bldg. B)  per plan,"Master Use Permit Demolition of student housing apartment (UW Blakeley Village Bldg. B), per plan",2024-10-07,2025-10-06,,2027-04-06,,,EXXEL PACIFIC INC,General Contractor,EXXELPI073KN,0,,,,Full +,Institutional,Licensed Contractor,DV0059039,,,,1,0,https://services.seattle.gov/portal/customize/LinkToRecord.aspx?altId=7009657-DM,Issued
7009658-DM,"4747 30TH AVE NE, SEATTLE, WA",University District,commercial,129000000,active,Demolition of student housing apartment (UW Blakeley Village Bldg. H)  per plan,"Master Use Permit Demolition of student housing apartment (UW Blakeley Village Bldg. H), per plan",2024-10-07,2025-10-06,,2027-04-06,,,EXXEL PACIFIC INC,General Contractor,EXXELPI073KN,0,,,,Full +,Institutional,Licensed Contractor,DV0059039,,,,1,0,https://services.seattle.gov/portal/customize/LinkToRecord.aspx?altId=7009658-DM,Issued
7009660-DM,"4747 30TH AVE NE, SEATTLE, WA",University District,commercial,129000000,active,Demolition of student housing apartment (UW Blakeley Village Bldg. J)  per plan,"Master Use Permit Demolition of student housing apartment (UW Blakeley Village Bldg. J), per plan",2024-10-07,2025-10-07,,2027-04-07,,,EXXEL PACIFIC INC,General Contractor,EXXELPI073KN,0,,,,Full +,Institutional,Licensed Contractor,DV0059039,,,,1,0,https://services.seattle.gov/portal/customize/LinkToRecord.aspx?altId=7009660-DM,Issued
7009661-DM,"4747 30TH AVE NE, SEATTLE, WA",University District,commercial,129000000,active,Demolition of student housing apartment (UW Blakeley Village Bldg. K)  per plan,"Master Use Permit Demolition of student housing apartment (UW Blakeley Village Bldg. K), per plan",2024-10-07,2025-10-07,,2027-04-07,,,EXXEL PACIFIC INC,General Contractor,EXXELPI073KN,0,,,,Full +,Institutional,Licensed Contractor,DV0059039,,,,1,0,https://services.seattle.gov/portal/customize/LinkToRecord.aspx?altId=7009661-DM,Issued
7009662-DM,"4747 30TH AVE NE, SEATTLE, WA",University District,commercial,129000000,active,Demolition of Gilman building for University of Washington  per plan,"Master Use Permit Demolition of Gilman building for University of Washington, per plan",2024-10-07,2025-10-07,,2027-04-07,,,EXXEL PACIFIC INC,General Contractor,EXXELPI073KN,0,,,,Full +,Institutional,Licensed Contractor,DV0059039,,,,1,0,https://services.seattle.gov/portal/customize/LinkToRecord.aspx?altId=7009662-DM,Issued
7009663-DM,"4747 30TH AVE NE, SEATTLE, WA",University District,commercial,129000000,active,Demolition of student housing apartment (UW Blakeley Village Bldg. C)  per plan,"Master Use Permit Demolition of student housing apartment (UW Blakeley Village Bldg. C), per plan",2024-10-07,2025-10-07,,2027-04-07,,,EXXEL PACIFIC INC,General Contractor,EXXELPI073KN,0,,,,Full +,Institutional,Licensed Contractor,DV0059039,,,,1,0,https://services.seattle.gov/portal/customize/LinkToRecord.aspx?altId=7009663-DM,Issued
7009664-DM,"4747 30TH AVE NE, SEATTLE, WA",University District,commercial,129000000,active,Demolition of student housing apartment (UW Blakeley Village Bldg. D)  per plan,"Master Use Permit Demolition of student housing apartment (UW Blakeley Village Bldg. D), per plan",2024-10-07,2025-10-07,,2027-04-07,,,EXXEL PACIFIC INC,General Contractor,EXXELPI073KN,0,,,,Full +,Institutional,Licensed Contractor,DV0059039,,,,1,0,https://services.seattle.gov/portal/customize/LinkToRecord.aspx?altId=7009664-DM,Issued
7009665-DM,"4747 30TH AVE NE, SEATTLE, WA",University District,commercial,129000000,active,Demolition of student housing apartment (UW Blakeley Village Bldg. E)  per plan,"Master Use Permit Demolition of student housing apartment (UW Blakeley Village Bldg. E), per plan",2024-10-07,2025-10-07,,2027-04-07,,,EXXEL PACIFIC INC,General Contractor,EXXELPI073KN,0,,,,Full +,Institutional,Licensed Contractor,DV0059039,,,,1,0,https://services.seattle.gov/portal/customize/LinkToRecord.aspx?altId=7009665-DM,Issued
7009666-DM,"4747 30TH AVE NE, SEATTLE, WA",University District,commercial,129000000,active,Demolition of student housing apartment (UW Blakeley Village Bldg. F)  per plan,"Master Use Permit Demolition of student housing apartment (UW Blakeley Village Bldg. F), per plan",2024-10-07,2025-10-07,,2027-04-07,,,EXXEL PACIFIC INC,General Contractor,EXXELPI073KN,0,,,,Full +,Institutional,Licensed Contractor,DV0059039,,,,1,0,https://services.seattle.gov/portal/customize/LinkToRecord.aspx?altId=7009666-DM,Issued
7009667-DM,"4747 30TH AVE NE, SEATTLE, WA",University District,commercial,129000000,active,Demolition of student housing apartment (UW Blakeley Village Bldg. G)  per plan,"Master Use Permit Demolition of student housing apartment (UW Blakeley Village Bldg. G), per plan",2024-10-07,2025-10-07,,2027-04-07,,,EXXEL PACIFIC INC,General Contractor,EXXELPI073KN,0,,,,Full +,Institutional,Licensed Contractor,DV0059039,,,,1,0,https://services.seattle.gov/portal/customize/LinkToRecord.aspx?altId=7009667-DM,Issued
7009668-DM,"4747 30TH AVE NE, SEATTLE, WA",University District,commercial,129000000,active,Demolition of student housing community center (UW Blakeley Village)  per plan,"Master Use Permit Demolition of student housing community center (UW Blakeley Village), per plan",2024-10-07,2025-10-07,,2027-04-07,,,EXXEL PACIFIC INC,General Contractor,EXXELPI073KN,0,,,,Full +,Institutional,Licensed Contractor,DV0059039,,,,1,0,https://services.seattle.gov/portal/customize/LinkToRecord.aspx?altId=7009668-DM,Issued
6939048-PH,"4522 ROOSEVELT WAY NE, SEATTLE, WA",Wallingford,residential,128335066,pending,Phased project: Construction of a residential/retail building with 2 high-rise towers and below grade parking  occupy per plan.,"4522 Roosevelt Way NE Phased project: Construction of a residential/retail building with 2 high-rise towers and below grade parking, occupy per plan.",2024-11-13,,,,,,JTM CONSTRUCTION  INC,General Contractor,JTMCOCI813DL,0,,,,Full C,Multifamily,Licensed Contractor,DV0014933,,,,1,0,https://services.seattle.gov/portal/customize/LinkToRecord.aspx?altId=6939048-PH,Reviews In Process
7088873-DM,"3923 OKANOGAN LN NE, SEATTLE, WA",University District,commercial,127620000,active,Demolish institutional building [UW CHEMISTRY LIBRARY]  per plan.,"4000 15th Ave NE/3919 Okanogan Lane NE - Demolition Demolish institutional building [UW CHEMISTRY LIBRARY], per plan.",2026-05-01,2026-06-24,,,2026-06-16,2026-06-24,SKANSKA USA CVL WST CA DST INC,General Contractor,SKANSUC919MW,0,,,,Full +,Institutional,Licensed Contractor,DV0016304,2,46,15,1,0,https://services.seattle.gov/portal/customize/LinkToRecord.aspx?altId=7088873-DM,Corrections Required
6949209-DM,"4201 ROOSEVELT WAY NE, SEATTLE, WA",Wallingford,residential,122000000,new,Demolish existing office building  per plan.,"Demolition Permit Demolish existing office building, per plan.",2024-07-19,,,,,,TURNER CONSTRUCTION COMPANY,General Contractor,TURNECC237D2,0,,,,Full +,Multifamily,Licensed Contractor,DV0014356,,,,1,0,https://services.seattle.gov/portal/customize/LinkToRecord.aspx?altId=6949209-DM,Ready for Issuance
7056740-DM,"902 NE 42ND ST, SEATTLE, WA",Wallingford,residential,122000000,new,Demolish existing duplex and its detached garage  per plan.,,2026-01-14,,,,2026-02-04,2026-02-18,,,,-2,0,2,,Full +,Multifamily,,DV0014356,1,21,0,0,0,,
7077412-GR,"187 S HOLGATE ST, SEATTLE, WA",SoDo,industrial,115000000,active,Grading for transportation terminal facility [AMTRAK]  per plan. FOR DRAINAGE REVIEW PURPOSES ONLY.,"187 S Holgate St - Grading - Amtrak M&I Facility Grading for transportation terminal facility [AMTRAK], per plan. ****FOR DRAINAGE REVIEW PURPOSES ONLY. ****",2025-07-23,2026-03-06,,2027-09-06,,,PCL CONSTRUCTION SRVC INC,General Contractor,PCLCOSI099NW,0,,,,Full +,Industrial,Licensed Contractor,DV0003276,,,,1,0,https://services.seattle.gov/portal/customize/LinkToRecord.aspx?altId=7077412-GR,Issued
6971406-PH,"900 UNIVERSITY ST, SEATTLE, WA",First Hill,residential,111755914,active,Phased project: Construct high rise residential building addition (west tower)  occupy per plan. Mechanical included.,"High Rise Addition - Horizon House Phased project: Construct high rise residential building addition (west tower), occupy per plan. Mechanical included.",2024-08-01,2025-12-09,,2027-06-09,,,ANDERSEN CONST CO OF WASH LLC,General Contractor,ANDERCC822BW,202,,,,Full C,Multifamily,Licensed Contractor,DV0080553,,,,1,0,https://services.seattle.gov/portal/customize/LinkToRecord.aspx?altId=6971406-PH,Phase Issued
7008877-DM,"4200 MARY GATES MEMORIAL DR NE, SEATTLE, WA",University District,residential,110000000,active,Demolition of student housing apartment (UW Laurel Village bldg. M)  per plan,"Master Use Permit Demolition of student housing apartment (UW Laurel Village bldg. M), per plan",2024-10-03,2025-10-10,,2027-04-10,,,EXXEL PACIFIC INC,General Contractor,EXXELPI073KN,0,,,,Full +,Multifamily,Licensed Contractor,DV0058099,,,,1,0,https://services.seattle.gov/portal/customize/LinkToRecord.aspx?altId=7008877-DM,Issued
7010590-DM,"4200 MARY GATES MEMORIAL DR NE, SEATTLE, WA",University District,residential,110000000,active,Demolition of student housing apartment (UW Laurel Village bldg. N)  per plan,"Master Use Permit Demolition of student housing apartment (UW Laurel Village bldg. N), per plan",2024-10-03,2025-10-10,,2027-04-10,,,EXXEL PACIFIC INC,General Contractor,EXXELPI073KN,0,,,,Full +,Multifamily,Licensed Contractor,DV0058099,,,,1,0,https://services.seattle.gov/portal/customize/LinkToRecord.aspx?altId=7010590-DM,Issued
7010591-DM,"4200 MARY GATES MEMORIAL DR NE, SEATTLE, WA",University District,residential,110000000,active,Demolition of student housing apartment (UW Laurel Village bldg. P)  per plan,"Master Use Permit Demolition of student housing apartment (UW Laurel Village bldg. P), per plan",2024-10-03,2025-10-10,,2027-04-10,,,EXXEL PACIFIC INC,General Contractor,EXXELPI073KN,0,,,,Full +,Multifamily,Licensed Contractor,DV0058099,,,,1,0,https://services.seattle.gov/portal/customize/LinkToRecord.aspx?altId=7010591-DM,Issued
7010592-DM,"4200 MARY GATES MEMORIAL DR NE, SEATTLE, WA",University District,residential,110000000,active,Demolition of student housing apartment (UW Laurel Village bldg. Q)  per plan,"Master Use Permit Demolition of student housing apartment (UW Laurel Village bldg. Q), per plan",2024-10-03,2025-10-10,,2027-04-10,,,EXXEL PACIFIC INC,General Contractor,EXXELPI073KN,0,,,,Full +,Multifamily,Licensed Contractor,DV0058099,,,,1,0,https://services.seattle.gov/portal/customize/LinkToRecord.aspx?altId=7010592-DM,Issued
6915552-DM,"11731 MERIDIAN AVE N, SEATTLE, WA",Northgate,residential,2500000,completed,Demolish single-family residence  per plan.,"11731 Meridian Ave N - Demolition - Jane's Project Demolish single-family residence, per plan.",2024-05-22,2024-06-05,2025-10-22,2025-12-05,,,HYBRID ASSEMBLY LLC,General Contractor,HYBRIAL902KR,-1,,,,Full +,Single Family/Duplex,Licensed Contractor,DV0354618,,,,1,0,https://services.seattle.gov/portal/customize/LinkToRecord.aspx?altId=6915552-DM,Completed
6926795-CN,"10330 MERIDIAN AVE N, SEATTLE, WA",Northgate,commercial,2057605,completed,Construct tenant improvements to outpatient clinic in an existing medical office building  per plans. Mechanical included this permit,"UWMC Construct tenant improvements to outpatient clinic in an existing medical office building, per plans. Mechanical included this permit",2024-09-05,2024-12-03,2025-12-30,2026-06-03,,,ABBOTT CONSTRUCTION LLC,General Contractor,ABBOTCL781KS,0,,,,Full C,Institutional,Licensed Contractor,DV0014668,,,,1,0,https://services.seattle.gov/portal/customize/LinkToRecord.aspx?altId=6926795-CN,Completed
6949734-PH,"4443 36TH AVE SW, SEATTLE, WA",West Seattle,residential,43477003,pending,Phased project: Construction of residential/commercial building with below grade parking  occupy per plan.,"Phased project: Construction of residential/commercial building with below grade parking, occupy per plan.",2024-10-30,,,,,,,,,0,,,,Full C,Multifamily,,DV0343018,,,,1,0,https://services.seattle.gov/portal/customize/LinkToRecord.aspx?altId=6949734-PH,Reviews In Process
6953917-CN,"922 31ST AVE S, SEATTLE, WA",Other Seattle,residential,2500000,active,Establish use as single-family residence  per land use code.  Construct one-family dwelling  per plan,"Construction Permit Establish use as single-family residence, per land use code. Construct one-family dwelling, per plan",2024-10-09,2025-07-11,,2027-01-11,,,ROBERTS BUILT LLC,General Contractor,ROBERBL758BS,1,,,,Full C,Single Family/Duplex,Licensed Contractor,DV0360700,,,,1,0,https://services.seattle.gov/portal/customize/LinkToRecord.aspx?altId=6953917-CN,Issued
6991128-CN,"10154 RAINIER AVE S, SEATTLE, WA",Other Seattle,residential,256106,active,Construct substantial alterations and additions for single-family residence  per plan.,"10154 Rainier Ave S - Construction - ISZLEY RESIDENCE - REMODEL Construct substantial alterations and additions for single-family residence, per plan.",2025-01-23,2025-04-16,,2026-10-16,,,CENTURION HOME SERVICES LLC,General Contractor,CENTUHS948MC,0,,,,Full +,Single Family/Duplex,Licensed Contractor,DV0084114,,,,1,0,https://services.seattle.gov/portal/customize/LinkToRecord.aspx?altId=6991128-CN,Issued
7016727-CN,"8746 EVANSTON AVE N, SEATTLE, WA",Greenwood,residential,120373,completed,Allow a detached accessory dwelling unit per the land use code. Construct a one-family dwelling  per plans,"Evanston DADU Allow a detached accessory dwelling unit per the land use code. Construct a one-family dwelling, per plans",2024-06-25,2024-10-14,2026-02-24,2026-04-14,,,,,,1,,,,Full +,Single Family/Duplex,Owner/Lessee,DV1099538,,,,1,0,https://services.seattle.gov/portal/customize/LinkToRecord.aspx?altId=7016727-CN,Completed
7024275-CN,"4400 RAINIER AVE S, SEATTLE, WA",Columbia City,commercial,55263,new,Change of use from General Retail to Restaurant and construct interior alterations to existing commercial building for new cafe (Yuu Tea Cafe)  occupy per plan.,"Construction Permit Change of use from General Retail to Restaurant and construct interior alterations to existing commercial building for new cafe (Yuu Tea Cafe), occupy per plan.",2024-12-02,,,,,,,,,0,,,,Full +,Commercial,,DV0068613,,,,1,0,https://services.seattle.gov/portal/customize/LinkToRecord.aspx?altId=7024275-CN,Corrections Required
7025088-CN,"3030 64TH AVE SW, SEATTLE, WA",West Seattle,residential,13000,completed,Construct alterations to replace a dwelling unit's deck at roof of existing multifamily building  per plan.,"3030 64TH AVE SW - Condo Roof Deck Replacement Construct alterations to replace a dwelling unit's deck at roof of existing multifamily building, per plan.",2024-05-28,2024-07-08,2025-06-16,2026-01-08,,,,,,0,,,,Full +,Multifamily,Owner/Lessee,DV0034198,,,,1,0,https://services.seattle.gov/portal/customize/LinkToRecord.aspx?altId=7025088-CN,Completed
7025794-CN,"4039 NE 57th ST, Seattle, WA",Ravenna,residential,50000,completed,Construct alterations at ground floor of one-family dwelling  subject to field inspection (STFI),"Neuville Bathroom Construct alterations at ground floor of one-family dwelling, subject to field inspection (STFI)",2024-05-17,2024-05-17,2025-01-21,2025-11-17,,,CRD DESIGN BUILD INC,General Contractor,CRDDEDB831OL,0,,,,Field,Single Family/Duplex,Licensed Contractor,DV0043394,,,,1,0,https://services.seattle.gov/portal/customize/LinkToRecord.aspx?altId=7025794-CN,Completed
7026193-CN,"2731 53RD AVE SW, SEATTLE, WA",West Seattle,residential,50000,completed,Construct addition and alterations to one-family dwelling  per plan,"Rajagopal / Karlinsey addition Construct addition and alterations to one-family dwelling, per plan",2024-08-28,2024-10-31,2026-03-05,2026-04-30,,,REMEDIES & REPAIRS INC,General Contractor,REMEDRI961PK,0,,,,Full +,Single Family/Duplex,Licensed Contractor,DV1147979,,,,1,0,https://services.seattle.gov/portal/customize/LinkToRecord.aspx?altId=7026193-CN,Completed
7028317-CN,"4027 51ST AVE SW, SEATTLE, WA",West Seattle,residential,535000,completed,Change use of existing single-family residence to detached accessory dwelling unit  per plan. (Change of use from single-family dwelling unit to detached accessory dwelling unit and establish use as single-family dwelling unit with an attached accessory dwelling unit  per land use code. Construct a two-family dwelling  per plan. Review and process for two CN records under 7018919-CN),"DADU Change use of existing single-family residence to detached accessory dwelling unit, per plan. (Change of use from single-family dwelling unit to detached accessory dwelling unit and establish use as single-family dwelling unit with an attached accessory dwelling unit, per land use code. Construct a two-family dwelling, per plan. Review and process for two CN records under 7018919-CN)",2024-06-03,2024-10-15,2025-10-16,2026-04-15,,,BC CONSTRUCTION GROUP LLC,General Contractor,BCCONCG803CC,1,,,,Dependent Building,Single Family/Duplex,Licensed Contractor,DV1214458,,,,1,0,https://services.seattle.gov/portal/customize/LinkToRecord.aspx?altId=7028317-CN,Completed
7029654-CN,"2415 7TH AVE W, SEATTLE, WA",Interbay,residential,20000,completed,Construct decks for an existing single-family residence  per plan.,"Backyard Deck Replacement Construct decks for an existing single-family residence, per plan.",2024-10-15,2025-01-07,2025-10-21,2026-07-07,,,RIGGINS CONSTRUCTION LLC,General Contractor,RIGGICL903QN,0,,,,Full +,Single Family/Duplex,Licensed Contractor,DV0064696,,,,1,0,https://services.seattle.gov/portal/customize/LinkToRecord.aspx?altId=7029654-CN,Completed
7031995-CN,"909 C 32ND AVE S, SEATTLE, WA",Other Seattle,residential,197782,active,Construct west one-family dwelling  per plan (Establish use as single family residence with attached and detached accessory dwelling units per land use code. Construct new one- and two-family dwellings  per plan. Review and processing for two records under 7000946-CN),"32nd AVE DADU Construct west one-family dwelling, per plan (Establish use as single family residence with attached and detached accessory dwelling units per land use code. Construct new one- and two-family dwellings, per plan. Review and processing for two records under 7000946-CN)",2024-06-21,2025-03-03,,2026-09-03,,,ASH HAUS LLC,General Contractor,ASHHAHL775J1,1,,,,Dependent Building,Single Family/Duplex,Licensed Contractor,DV1143513,,,,1,0,https://services.seattle.gov/portal/customize/LinkToRecord.aspx?altId=7031995-CN,Issued
7032356-CN,"2045 NE 105TH ST, SEATTLE, WA",Maple Leaf,residential,7500,expired,Addition to SFR  subject to field inspection  STFI.,"Not the can of lever addition Addition to SFR, subject to field inspection, STFI.",2024-06-24,2024-06-24,,2025-12-24,,,,,,0,,,,Field,Single Family/Duplex,Owner/Lessee,DV1192960,,,,1,0,https://services.seattle.gov/portal/customize/LinkToRecord.aspx?altId=7032356-CN,Expired
7034046-CN,"1700 36TH AVE, SEATTLE, WA",Madrona,residential,50000,completed,Install piles and tie-back anchors to stabilize the foundation of a single-family residence  per plans,"Jim Bennett Foundation Repair Install piles and tie-back anchors to stabilize the foundation of a single-family residence, per plans",2024-09-10,2025-01-28,2025-08-13,2026-07-28,,,Pro-Mondo LLC,General Contractor,PROMOL*883MU,0,,,,Full +,Single Family/Duplex,Licensed Contractor,DV0042648,,,,1,0,https://services.seattle.gov/portal/customize/LinkToRecord.aspx?altId=7034046-CN,Completed
7034128-CN,"6727 42ND AVE S, SEATTLE, WA",Rainier Valley,residential,22000,expired,Alterations to SFR  subject to field inspection  STFI.,"Bayou Residence Alterations to SFR, subject to field inspection, STFI.",2024-07-05,2024-07-05,,2026-01-05,,,,,,0,,,,Field,Single Family/Duplex,Owner/Lessee,DV1118462,,,,1,0,https://services.seattle.gov/portal/customize/LinkToRecord.aspx?altId=7034128-CN,Expired
7041241-DM,"365 NEWTON ST, SEATTLE, WA",Queen Anne,residential,600649,completed,Demolish existing one family dwelling  existing foundation to remain  per plan.,"365 NEWTON ST 98109 Demolish existing one family dwelling, existing foundation to remain, per plan.",2024-10-03,2024-11-04,2025-04-11,2026-05-04,,,SEA HOME BUILDERS LLC,General Contractor,SEAHOHB806DO,-1,,,,Full +,Single Family/Duplex,Licensed Contractor,DV1191542,,,,1,0,https://services.seattle.gov/portal/customize/LinkToRecord.aspx?altId=7041241-DM,Completed
7042304-CN,"12721 4th AVE NW, Seattle, WA",Broadview,residential,98740,completed,Interior remodel to existing single family residence subject to field inspection.,12721 4th Ave NW Interior remodel to existing single family residence subject to field inspection.,2024-08-22,2024-09-04,2025-01-22,2026-03-04,,,T&T GROUP,General Contractor,TTGROG*813KZ,0,,,,Field,Single Family/Duplex,Licensed Contractor,DV1132107,,,,1,0,https://services.seattle.gov/portal/customize/LinkToRecord.aspx?altId=7042304-CN,Completed
7042358-CN,"10821 11TH AVE NE, SEATTLE, WA",Maple Leaf,residential,1000,active,Establish (1) parking space and curb cut for one- and two-family dwellings  per plan. Related to completed LBA under land use record 3040210-LU.,"10821 11th Ave NE - Establish parking, curb cut Establish (1) parking space and curb cut for one- and two-family dwellings, per plan. Related to completed LBA under land use record 3040210-LU.",2024-10-03,2024-11-19,,2026-05-19,,,PRESTIGIOUS BUILD LLC,General Contractor,PRESTBL824CH,0,,,,Full +,Single Family/Duplex,Licensed Contractor,DV0354520,,,,1,0,https://services.seattle.gov/portal/customize/LinkToRecord.aspx?altId=7042358-CN,Expired
7043414-CN,"7552 13TH AVE NW, SEATTLE, WA",Ballard,residential,171115,new,Construct addition & alterations to one-family dwelling  per plan,"Wipf Pre-App Construct addition & alterations to one-family dwelling, per plan",2024-11-06,,,,,,AXIOM CONSTRUCTORS LLC,General Contractor,AXIOMCL002MO,0,,,,Full +,Single Family/Duplex,Licensed Contractor,DV1192626,,,,1,0,https://services.seattle.gov/portal/customize/LinkToRecord.aspx?altId=7043414-CN,Corrections Required
7044565-CN,"3548 NE 85th ST, Seattle, WA",Wedgwood,residential,170000,completed,Alterations to SFR  subject to field inspection  STFI.,"Adams Remodel Alterations to SFR, subject to field inspection, STFI.",2024-09-06,2024-09-06,2024-12-10,2026-03-06,,,SK SOLUTIONSS LLC,General Contractor,SKSOLSL780PF,0,,,,Field,Single Family/Duplex,Licensed Contractor,DV1143476,,,,1,0,https://services.seattle.gov/portal/customize/LinkToRecord.aspx?altId=7044565-CN,Completed
7045152-CN,"1052 E GALER ST, SEATTLE, WA",Capitol Hill,residential,12600,completed,Construct alterations to include foundation repairs related to water damage for single-family residence  per plan.,"1052 E Galer St - Construction/Foundation Repair - Pappano Water Leak Repairs Construct alterations to include foundation repairs related to water damage for single-family residence, per plan.",2024-10-01,2024-10-30,2025-02-05,2026-04-30,,,EDEN CUSTOM BUILDERS,General Contractor,EDENCCB918NS,0,,,,Full +,Single Family/Duplex,Licensed Contractor,DV0056702,,,,1,0,https://services.seattle.gov/portal/customize/LinkToRecord.aspx?altId=7045152-CN,Completed
7047250-DM,"1338 S DAWSON ST, SEATTLE, WA",Georgetown,residential,25000,active,Demolish existing single family residence and its accessory structures  per plan.,"Brent Lambeth Demolish existing single family residence and its accessory structures, per plan.",2024-11-26,2025-07-30,,2027-01-30,,,ALPHA DEVELOPERS LLC,General Contractor,ALPHADL793M8,0,,,,Full +,Single Family/Duplex,Licensed Contractor,DV0001408,,,,1,0,https://services.seattle.gov/portal/customize/LinkToRecord.aspx?altId=7047250-DM,Issued
7051409-CN,"13730 15th AVE NE, Seattle, WA",Pinehurst,residential,3000,completed,Repair in kind column on existing structure  subject to field inspection  STFI.,"Emergency Repair. Repair in kind column on existing structure, subject to field inspection, STFI.",2024-10-15,2024-10-17,2025-04-23,2026-04-17,,,PROMAXX PAINTING INC,General Contractor,PROMAPI934QG,0,,,,Field,Multifamily,Licensed Contractor,DV0080848,,,,1,0,https://services.seattle.gov/portal/customize/LinkToRecord.aspx?altId=7051409-CN,Completed
7052367-CN,"1250 1ST AVE S, SEATTLE, WA",SoDo,commercial,10000,completed,"Tenant improvements for ""soft demolition"" alterations of existing ballfield at concessions area Section 106 (T-Mobile Park)  subject to field inspection.","Tenant improvements for ""soft demolition"" alterations of existing ballfield at concessions area Section 106 (T-Mobile Park), subject to field inspection.",2024-10-21,2024-10-22,2025-03-20,2026-04-22,,,SKANSKA USA BUILDING INC,General Contractor,SKANSUB985RT,0,,,,Field,Commercial,Licensed Contractor,DV0066513,,,,1,0,https://services.seattle.gov/portal/customize/LinkToRecord.aspx?altId=7052367-CN,Completed
7052463-DM,"9740 8TH AVE NW, SEATTLE, WA",Greenwood,land,200000,completed,Demolish east commercial building  per plan.,"Demolition Demolish east commercial building, per plan.",2024-12-16,2025-01-30,2025-09-11,2026-07-30,,,Wyser Construction Co Inc,General Contractor,WYSERCI045N9,0,,,,Full +,Vacant Land,Licensed Contractor,DV0045974,,,,1,0,https://services.seattle.gov/portal/customize/LinkToRecord.aspx?altId=7052463-DM,Completed
7052854-DM,"8532 MIDVALE AVE N, SEATTLE, WA",Green Lake,residential,1200000,new,Demolish existing one family dwelling and accessory structures  per plan.,"Dong Tran Demolish existing one family dwelling and accessory structures, per plan.",2025-01-07,,,,,,,,,0,,,,Full +,Single Family/Duplex,,DV0087720,,,,1,0,https://services.seattle.gov/portal/customize/LinkToRecord.aspx?altId=7052854-DM,Withdrawn
7055404-CN,"2747 44TH AVE SW, SEATTLE, WA",West Seattle,residential,150000,completed,Interior alterations to basement of existing single family residence  subject to field inspection,"Tan Basement Remodel Interior alterations to basement of existing single family residence, subject to field inspection",2024-11-08,2024-11-12,2025-04-24,2026-05-12,,,J & M REMODEL & REPAIR LLC,General Contractor,JMREMMR920M1,0,,,,Field,Single Family/Duplex,Licensed Contractor,DV0048845,,,,1,0,https://services.seattle.gov/portal/customize/LinkToRecord.aspx?altId=7055404-CN,Completed
7060707-GR,"912 16TH AVE E, SEATTLE, WA",Capitol Hill,residential,,active,Site improvements to existing residential property to remove foundation and fill to grade  per plan.,"Site improvements to existing residential property to remove foundation and fill to grade, per plan.",2024-12-12,2025-03-25,,2026-09-25,,,JAS DESIGN-BUILD INC,General Contractor,JASDEDI775QN,0,,,,Full +,Single Family/Duplex,Licensed Contractor,DV1133250,,,,1,0,https://services.seattle.gov/portal/customize/LinkToRecord.aspx?altId=7060707-GR,Issued
7064578-CN,"6011 S REDWING ST, SEATTLE, WA",Rainier Beach,residential,526641,new,Establish use as a single-family residence with an attached accessory dwelling unit per the land use code. Construct a two-family dwelling  per plans (Adjacent DADU under separate permit).,,2026-01-29,,,,,,,,,1,2,1,,Full +,Single Family/Duplex,,DV0062436,1,,142,0,0,,
7064589-CN,"3701 BELVIDERE AVE SW, SEATTLE, WA",West Seattle,residential,74000,active,Construct addition and alterations to existing single family residence  per plan.,"Patio Enclosure Construct addition and alterations to existing single family residence, per plan.",2025-01-21,2025-05-14,,2026-11-14,,,GREAT DAY IMPROVEMENTS LLC,General Contractor,GREATDI799DJ,0,,,,Full +,Single Family/Duplex,Licensed Contractor,DV0059765,,,,1,0,https://services.seattle.gov/portal/customize/LinkToRecord.aspx?altId=7064589-CN,Issued
7065536-DM,"319 W DRAVUS ST, SEATTLE, WA",Queen Anne,residential,1200000,active,Demolish existing multifamily structure  per plan.,"319 W DRAVUS ST Demolish existing multifamily structure, per plan.",2025-10-13,2026-03-13,,2027-09-13,2025-11-17,2025-11-20,ROLAND DEVELOPMENT LLC,General Contractor,ROLANDL841QM,1,5,4,,Full +,Multifamily,Licensed Contractor,DV0361160,1,35,0,1,0,https://services.seattle.gov/portal/customize/LinkToRecord.aspx?altId=7065536-DM,Issued
7065970-CN,"2801 ALASKAN WAY, SEATTLE, WA",Other Seattle,commercial,50000,active,Construct alterations to portions of an existing minor telecom facility within the equipment room and antenna array  per plans,"AT&T MODIFICATION - SC46 PIER 70 Construct alterations to portions of an existing minor telecom facility within the equipment room and antenna array, per plans",2025-03-03,2025-03-25,,2026-09-25,,,MASTEC NETWORK SOLUTIONS INC,General Contractor,MASTENS876KN,0,,,,Full,Commercial,Licensed Contractor,DV0004650,,,,1,0,https://services.seattle.gov/portal/customize/LinkToRecord.aspx?altId=7065970-CN,Issued
7066038-CN,"2604 NE 70TH ST, SEATTLE, WA",Ravenna,residential,165000,completed,Construct interior alterations to SFR  subject to field inspection  STFI,"Haight-Warehime Remodel Construct interior alterations to SFR, subject to field inspection, STFI",2025-01-20,2025-01-20,2025-06-27,2026-07-20,,,SCHULTE CONSTRUCTION LLC,General Contractor,SCHULCL993RM,0,,,,Field,Single Family/Duplex,Licensed Contractor,DV0077832,,,,1,0,https://services.seattle.gov/portal/customize/LinkToRecord.aspx?altId=7066038-CN,Completed
7066568-CN,"1515 C S PEARL ST, SEATTLE, WA",Georgetown,residential,123307,completed,Construct new south one-family dwelling (DADU)  per plan,"Schubert Backyard Cottage Construct new south one-family dwelling (DADU), per plan",2025-02-25,2025-05-05,2026-03-30,2026-11-05,,,RTG CONSTRUCTION LLC,General Contractor,RTGCOCL820C3,1,,,,Full +,Single Family/Duplex,Licensed Contractor,DV0077847,,,,1,0,https://services.seattle.gov/portal/customize/LinkToRecord.aspx?altId=7066568-CN,Completed
7069301-DM,"13521 8TH AVE NW, SEATTLE, WA",Broadview,residential,2500000,completed,Demolish existing one-family dwelling to to grade  per plan.,"Elford Park Residence Demolish existing one-family dwelling to to grade, per plan.",2026-04-21,2026-05-13,2026-06-10,2027-11-13,2026-05-12,2026-05-13,PRAXIS BUILDERS LLC,General Contractor,PRAXIBL847QT,0,1,1,,Full +,Single Family/Duplex,Licensed Contractor,DV1182645,2,21,0,1,0,https://services.seattle.gov/portal/customize/LinkToRecord.aspx?altId=7069301-DM,Issued
7071616-CN,"8847 WALLINGFORD AVE N, SEATTLE, WA",Licton Springs,residential,218581,active,Construct a one-family dwelling  per plan (Allow both attached and detached accessory dwelling units per land use code. Construct addition and substantial alterations for a two-family dwelling and a new one-family dwelling  per plan.  Review and processing for (2) -CN's under 7057681),"DADU Construct a one-family dwelling, per plan (Allow both attached and detached accessory dwelling units per land use code. Construct addition and substantial alterations for a two-family dwelling and a new one-family dwelling, per plan. Review and processing for (2) -CN's under 7057681)",2025-02-21,2025-07-14,,2027-01-14,,,SPLINE,General Contractor,SPLIN**758CC,0,,,,Dependent Building,Single Family/Duplex,Licensed Contractor,DV1208211,,,,1,0,https://services.seattle.gov/portal/customize/LinkToRecord.aspx?altId=7071616-CN,Issued
7073098-CN,"2503 E NEWTON ST, SEATTLE, WA",Capitol Hill,residential,205930,active,Construct EAST one-family dwelling  per plan. (Establish use as single-family dwelling with attached and detached accessory dwelling unit per land use code. Construct as one- and two-family dwellings  per plan. Review and process for 2 records under 7065721-CN).,"Construction Permit - East Dwelling Construct EAST one-family dwelling, per plan. (Establish use as single-family dwelling with attached and detached accessory dwelling unit per land use code. Construct as one- and two-family dwellings, per plan. Review and process for 2 records under 7065721-CN).",2025-03-04,2025-07-22,,2027-01-22,,,,,,1,,,,Dependent Building,Single Family/Duplex,Owner/Lessee,DV0046974,,,,1,0,https://services.seattle.gov/portal/customize/LinkToRecord.aspx?altId=7073098-CN,Issued
7075412-BK,"600 UNIVERSITY ST, SEATTLE, WA",Downtown,commercial,1024459,completed,Construct blanket permit tenant improvements to future tenant on the 18th and 19th floors of existing commercial building  per plan.,"OUS Fl 19 & 18 Lockton Construct blanket permit tenant improvements to future tenant on the 18th and 19th floors of existing commercial building, per plan.",2025-03-14,2025-04-18,2025-12-24,2026-10-18,,,,,,0,,,,Full C,Commercial,Owner/Lessee,DV0009533,,,,1,0,https://services.seattle.gov/portal/customize/LinkToRecord.aspx?altId=7075412-BK,Completed
7076653-DM,"6200 60TH AVE NE, SEATTLE, WA",Other Seattle,commercial,30000,completed,Demolish existing classroom portable (P4)  per plan.,"Sand Point ES - P4 Demolish existing classroom portable (P4), per plan.",2025-04-22,2025-06-24,2025-08-13,2026-12-24,,,,,,0,,,,Full +,Institutional,Owner/Lessee,DV0025388,,,,1,0,https://services.seattle.gov/portal/customize/LinkToRecord.aspx?altId=7076653-DM,Completed
7076992-CN,"13222 3RD AVE NW, SEATTLE, WA",Broadview,residential,60000,active,Repair in kind SFR damages from tree strike  subject to field inspection  STFI.,"Lindquist Residence Repair in kind SFR damages from tree strike, subject to field inspection, STFI.",2025-03-24,2025-03-25,,2026-09-25,,,BAILEY & BENDIKSEN RST/RML LLC,General Contractor,BAILEBR826J4,0,,,,Field,Single Family/Duplex,Licensed Contractor,DV0017463,,,,1,0,https://services.seattle.gov/portal/customize/LinkToRecord.aspx?altId=7076992-CN,Issued
7077714-CN,"5130 40TH AVE NE, SEATTLE, WA",Laurelhurst,commercial,158503,completed,Interior alterations to Ronald McDonald House  subject to field inspection (STFI),"Ronald McDonald House Office TI Interior alterations to Ronald McDonald House, subject to field inspection (STFI)",2025-03-27,2025-04-21,2025-05-27,2026-10-21,,,SELLEN CONSTR CO INC,General Contractor,SELLEC*372N0,0,,,,Field,Institutional,Licensed Contractor,DV0336978,,,,1,0,https://services.seattle.gov/portal/customize/LinkToRecord.aspx?altId=7077714-CN,Completed
7080937-CN,"4315 W SEMPLE ST, SEATTLE, WA",Other Seattle,residential,380000,new,Construct bulkhead repairs  per plan,,2025-09-22,,,,2025-11-05,,,,,0,0,0,Single-Family Add/Alt,Full +,Single Family/Duplex,,DV0079334,1,44,0,0,0,,
7081624-CN,"401 N 36TH ST, SEATTLE, WA",Fremont,commercial,2000,active,Construct interior walls in existing office space  subject to field inspection  STFI.,"Carmel Partners - Interior Walls Construct interior walls in existing office space, subject to field inspection, STFI.",2025-04-18,2025-04-24,,2026-10-24,,,CP VIII OVERLAKE LLC,General Contractor,CPVIIVO764CW,0,,,,Field,Commercial,Licensed Contractor,DV0023428,,,,1,0,https://services.seattle.gov/portal/customize/LinkToRecord.aspx?altId=7081624-CN,Issued
7085295-BK,"505 MADISON ST, SEATTLE, WA",Downtown,commercial,1800000,active,Construct blanket permit tenant improvements to Boston Properties on the eighth floor of existing commercial building  per plan.,"Construct blanket permit tenant improvements to Boston Properties on the eighth floor of existing commercial building, per plan.",2025-05-12,2025-08-06,,2027-02-06,,,SELLEN CONSTR CO INC,General Contractor,SELLEC*372N0,0,,,,Full C,Commercial,Licensed Contractor,DV0071318,,,,1,0,https://services.seattle.gov/portal/customize/LinkToRecord.aspx?altId=7085295-BK,Issued
7086928-CN,"1201 2ND AVE, SEATTLE, WA",Downtown,commercial,61855,active,Construct alterations at main entry of mixed-use office building [2+U BUILDING]  per plan.,"1201 2nd Ave - Construction - 2U Main Entry Renovation Construct alterations at main entry of mixed-use office building [2+U BUILDING], per plan.",2025-08-05,2025-10-31,,2027-04-30,,,Howard S Wright,General Contractor,HOWARSW863BG,0,,,,Full +,Commercial,Licensed Contractor,DV0084481,,,,1,0,https://services.seattle.gov/portal/customize/LinkToRecord.aspx?altId=7086928-CN,Issued
7087627-CN,"17 W MERCER ST, SEATTLE, WA",Other Seattle,residential,45322,completed,Construct exterior alterations to mixed-use building  per plan.,"Tribeca Limited Exterior Enclosure Remediation Construct exterior alterations to mixed-use building, per plan.",2025-06-23,2025-07-14,2025-11-24,2027-01-14,,,MCBRIDE CONST RESOURCES INC,General Contractor,MCBRICR099JZ,0,,,,Full +,Multifamily,Licensed Contractor,DV0044860,,,,1,0,https://services.seattle.gov/portal/customize/LinkToRecord.aspx?altId=7087627-CN,Completed
7091161-CN,"809 NE 90TH ST, SEATTLE, WA",Maple Leaf,residential,192425,active,Construct new one family dwelling  per plan. (Establish use as single family residence with attached and detached accessory dwelling unit per land use code. Construct one and two family dwellings  per plan. Review and processing for 2 records under 7083755-CN),"Construction Permit Construct new one family dwelling, per plan. (Establish use as single family residence with attached and detached accessory dwelling unit per land use code. Construct one and two family dwellings, per plan. Review and processing for 2 records under 7083755-CN)",2025-06-14,2025-10-08,,2027-04-08,,,FORSYTH BUILDERS,General Contractor,FORSYB*846PM,1,,,,Dependent Building,Single Family/Duplex,Licensed Contractor,DV1102389,,,,1,0,https://services.seattle.gov/portal/customize/LinkToRecord.aspx?altId=7091161-CN,Issued
7093857-CN,"836 NE 96TH ST, SEATTLE, WA",Maple Leaf,residential,261606,new,Construct New south one family dwelling  per plan.  Establish use as single family residence per land use code.  Construct 4 new one family dwellings  per plan.  Review and process for 4 records under 7093857-CN),"Construction Permit Construct New south one family dwelling, per plan. Establish use as single family residence per land use code. Construct 4 new one family dwellings, per plan. Review and process for 4 records under 7093857-CN)",2025-08-26,2025-12-02,,2027-06-02,,,,,,1,1,0,,Full C,Single Family/Duplex,Owner/Lessee,DV1100356,,,,1,0,https://services.seattle.gov/portal/customize/LinkToRecord.aspx?altId=7093857-CN,Withdrawn
7097340-CN,"2123 A N 122ND ST, SEATTLE, WA",Northgate,residential,860214,new,Construct new two family dwelling per plan. (Establish use as two family residence with (2) single family residences per land use code. Construct new one and two family dwellings  per plan. Review and processing for three records under 7097340-CN),,2025-10-16,,,,,,,,,0,,,,Full +,Single Family/Duplex,,DV0361363,1,,206,0,0,,
7098072-CN,"4043 1ST AVE NE, SEATTLE, WA",Wallingford,residential,4125,completed,Construct engineered voluntary seismic retrofit to basement of SFR  STFI,"Williams Retrofit Construct engineered voluntary seismic retrofit to basement of SFR, STFI",2025-07-24,2025-07-25,2025-10-02,2027-01-25,,,SOUND SEISMIC LLC,General Contractor,SOUNDSL836ND,0,,,,Field,Single Family/Duplex,Licensed Contractor,DV1129439,,,,1,0,https://services.seattle.gov/portal/customize/LinkToRecord.aspx?altId=7098072-CN,Completed
7100503-CN,"120 ROY ST, SEATTLE, WA",Queen Anne,commercial,566000,active,Change use from retail sales to indoor participant sports  per land use code.  Construct alterations to combine two commercial tenant spaces for Pilates studio (Bodyrok)  and occupy  per plan.,"BODYROK - Roy Change use from retail sales to indoor participant sports, per land use code. Construct alterations to combine two commercial tenant spaces for Pilates studio (Bodyrok), and occupy, per plan.",2025-11-07,2026-02-16,,2027-08-16,2026-02-11,2026-02-12,TCL PARTNERS CORPORATION,General Contractor,TCLPAPC919QD,0,0,0,Commercial Add/Alt,Full +,Commercial,Licensed Contractor,DV0090665,3,96,52,1,0,https://services.seattle.gov/portal/customize/LinkToRecord.aspx?altId=7100503-CN,Issued
7101012-CN,"8112 STONE AVE N, SEATTLE, WA",Green Lake,residential,188303,active,Allow detached accessory dwelling unit to existing single family dwelling  per land use code.  Construct as one-family dwelling  per plan.,"#256 CAOILE DADU CONSTRUCTION Allow detached accessory dwelling unit to existing single family dwelling, per land use code. Construct as one-family dwelling, per plan.",2025-09-04,2025-12-01,,2027-06-01,,,ROYAL FAMILY CONSTRUCTION INC,General Contractor,ROYALFC774KW,1,1,0,Single-Family Add/Alt,Full +,Single Family/Duplex,Licensed Contractor,DV1128822,3,88,60,1,0,https://services.seattle.gov/portal/customize/LinkToRecord.aspx?altId=7101012-CN,Issued
7102347-CN,"1013 NW 80TH ST, SEATTLE, WA",Phinney Ridge,residential,170000,active,"""Construct substantial alterations to existing single family residence  per plot plan and subject to field inspection (STFI).","Crispy House ""Construct substantial alterations to existing single family residence, per plot plan and subject to field inspection (STFI).",2025-08-19,2025-08-19,,2027-02-19,,,,,,0,,,Single-Family Add/Alt,Field,Single Family/Duplex,Owner/Lessee,DV1165689,0,,0,1,0,https://services.seattle.gov/portal/customize/LinkToRecord.aspx?altId=7102347-CN,Issued
7106476-CN,"1505 6TH AVE S, SEATTLE, WA",SoDo,commercial,45000,completed,(5 of 6 max at this location for initial installation through 2/20/2026 this record) to: Install 5 (five) factory built/office trailers and 1(one) bathroom trailer as temporary structures for use as construction offices/support for nearby King County project (6th Ave. South Yard Renovation) for 4 weeks  per plan.,,2026-02-06,,,,,,,,,0,,,,Dependent Building,Commercial,,DV0068411,0,,0,0,0,,
7107148-CN,"7526 42ND AVE NE, SEATTLE, WA",Ravenna,residential,90000,active,Construct additions and alterations to existing single-family residence  per STFI,"Zhang Addition Construct additions and alterations to existing single-family residence, per STFI",2025-09-17,2025-09-17,,2027-03-17,,2025-09-17,,,,0,0,0,Single-Family Add/Alt,Field,Single Family/Duplex,Owner/Lessee,DV0027978,0,,0,1,0,https://services.seattle.gov/portal/customize/LinkToRecord.aspx?altId=7107148-CN,Issued
7110000-CN,"1918 N 41ST ST, SEATTLE, WA",Wallingford,residential,267084,active,Construct substantial alterations to existing one family dwelling  per plan.,"Post Lawrence Residence Construct substantial alterations to existing one family dwelling, per plan.",2025-12-24,2026-03-06,,2027-09-06,2026-03-06,2026-03-06,RICHARD'S FINE CARPENTRY LLC,General Contractor,RICHAFC775DW,0,0,0,Single-Family Add/Alt,Full C,Single Family/Duplex,Licensed Contractor,DV1217294,2,72,7,1,0,https://services.seattle.gov/portal/customize/LinkToRecord.aspx?altId=7110000-CN,Issued
7112548-CN,"8418 9TH AVE SW, SEATTLE, WA",White Center,residential,74000,active,Screen for STFI THIS PROJECT IS NEW GARAGE CONSTRUCTION,#313 HENDERSON NEW GARAGE CONSTRUCTION ***Screen for STFI*** THIS PROJECT IS NEW GARAGE CONSTRUCTION,2025-11-04,2025-11-17,,2027-05-17,,2025-11-04,RENOVISION DESIGN & BUILD LLC,General Contractor,RENOVDB768D7,0,,,,Field,Single Family/Duplex,Licensed Contractor,DV1176399,0,,0,1,0,https://services.seattle.gov/portal/customize/LinkToRecord.aspx?altId=7112548-CN,Issued
7112829-CN,"8815 DENSMORE AVE N, SEATTLE, WA",Licton Springs,residential,191075,completed,Allow new middle detached accessory dwelling unit per land use code.  Construct one family dwelling  per plan.  Existing buildings to remain per 7064966-CN.,"8815 DENSMORE AVE N: Middle DADU Allow new middle detached accessory dwelling unit per land use code. Construct one family dwelling, per plan. Existing buildings to remain per 7064966-CN.",2025-11-19,2025-12-18,2026-05-20,2027-06-18,2025-12-16,2025-12-17,,,,2,2,0,,Full +,Single Family/Duplex,Owner/Lessee,DV1191771,2,27,0,1,0,https://services.seattle.gov/portal/customize/LinkToRecord.aspx?altId=7112829-CN,Completed
7112878-CN,"2008 nob hill AVE N, Seattle, WA",Queen Anne,residential,120000,active,Mostly interior remodel of existing SF home. Add a covered side porch and small dormer. New interior stair.,Nob Hill Remodel Mostly interior remodel of existing SF home. Add a covered side porch and small dormer. New interior stair.,2025-11-04,2025-11-14,,2027-05-14,,2025-11-06,,,,0,0,0,Single-Family Add/Alt,Field,Single Family/Duplex,Owner/Lessee,DV1158016,0,,0,1,0,https://services.seattle.gov/portal/customize/LinkToRecord.aspx?altId=7112878-CN,Issued
7116059-CN,"6302 37TH AVE SW, SEATTLE, WA",West Seattle,residential,497577,pending,Construct west SFR 1  per plans (Establish use as housing and allow (4) detached dwelling units per the land use code. Construct (4) one-family dwellings per plans. Reviews and processing for (4) -CN's under 7116059),,2026-01-21,,,,,,,,,0,,,,Full C,Single Family/Duplex,,DV0024548,2,,76,0,0,,
7117295-CN,"8137 17TH AVE SW, SEATTLE, WA",White Center,residential,35000,active,Construct interior  non-structural alterations to repair fire damages to existing single family residence  subject to field inspection,"Construction Permit Construct interior, non-structural alterations to repair fire damages to existing single family residence, subject to field inspection",2026-01-08,2026-01-08,,2027-07-08,,2026-01-08,MAINTPRO CONSTRUCTION LLC,General Contractor,MAINTCL771B3,0,,,Single-Family Add/Alt,Field,Single Family/Duplex,Licensed Contractor,DV0016442,0,,0,1,0,https://services.seattle.gov/portal/customize/LinkToRecord.aspx?altId=7117295-CN,Issued
7120397-CN,"5010 49TH AVE S, SEATTLE, WA",Other Seattle,residential,120000,active,Interior alterations to existing single family residence  subject to field inspection (STFI),"Wang-O'Leary Kitchen Remodel Interior alterations to existing single family residence, subject to field inspection (STFI)",2025-12-09,2025-12-22,,2027-06-22,,2025-12-19,TBH STERLING INC,General Contractor,TBHSTSI833CM,0,,,Single-Family Add/Alt,Field,Single Family/Duplex,Licensed Contractor,DV0025142,0,,0,1,0,https://services.seattle.gov/portal/customize/LinkToRecord.aspx?altId=7120397-CN,Issued
7120442-CN,"6203 39th AVE NE, Seattle, WA",Ravenna,residential,10000,active,Construct alterations for EAST one-family dwelling  per plan. [Establish use as single family residence per land use code. Construct new one family dwelling and construct alterations to existing one-family dwelling  per plan. Review and processing for (2) construction records under 7103148-CN.],"6203 39th Ave NE - Construction Construct alterations for EAST one-family dwelling, per plan. [Establish use as single family residence per land use code. Construct new one family dwelling and construct alterations to existing one-family dwelling, per plan. Review and processing for (2) construction records under 7103148-CN.]",2025-12-10,2026-02-12,,2027-08-12,2026-02-02,2026-02-03,D3 PROJECTS LLC,General Contractor,D3PROPL767Q1,0,,,Single-Family Add/Alt,Dependent Building,Single Family/Duplex,Licensed Contractor,DV1171024,0,54,0,1,0,https://services.seattle.gov/portal/customize/LinkToRecord.aspx?altId=7120442-CN,Issued
7120509-CN,"1212 42ND AVE E, SEATTLE, WA",Madison Park,residential,114899,pending,Construct additions and substantial alteration to existing single family residence  per plan.,"1212 42nd Ave E Pre-App Construct additions and substantial alteration to existing single family residence, per plan.",2026-05-14,,,,,,,,,0,0,0,Single-Family Add/Alt,Full +,Single Family/Duplex,,DV0028166,1,,24,1,0,https://services.seattle.gov/portal/customize/LinkToRecord.aspx?altId=7120509-CN,Reviews In Process
7125753-CN,"2144 B N 117TH ST, SEATTLE, WA",Northgate,residential,166915,active,Construct middle one-family dwelling  per plan. Remove detached accessory structure.,"James Wellman Construct middle one-family dwelling, per plan. Remove detached accessory structure.",2026-02-12,2026-03-16,,2027-09-16,2026-03-12,2026-03-16,,,,1,1,0,Single-Family Add/Alt,Full +,Single Family/Duplex,Owner/Lessee,DV1148916,2,28,0,1,0,https://services.seattle.gov/portal/customize/LinkToRecord.aspx?altId=7125753-CN,Issued
7126193-CN,"1710 31ST AVE, SEATTLE, WA",Central District,residential,165702,new,Construct two-story addition and alterations to existing one-family dwelling  per plan.,"Goldman-Kirst-Levey Construct two-story addition and alterations to existing one-family dwelling, per plan.",2026-05-20,,,,,,JAS DESIGN-BUILD INC,General Contractor,JASDEDI775QN,0,,,Single-Family Add/Alt,Full +,Single Family/Duplex,Licensed Contractor,DV1099798,1,,35,1,0,https://services.seattle.gov/portal/customize/LinkToRecord.aspx?altId=7126193-CN,Reviews In Process
7126475-CN,"3919 18TH AVE W, SEATTLE, WA",Interbay,commercial,8000000,new,Construct alterations to existing commercial building  per plan. Mechanical review is included.,,2026-05-27,,,,2026-07-08,,,,,0,0,0,Commercial Add/Alt,Full +,Commercial,,DV0063143,2,42,0,0,0,,
7127350-CN,"3631 A 34TH AVE W, SEATTLE, WA",Magnolia,residential,697566,new,Construct west two family dwelling (Units C & D)  per plan. (Establish use as two (2) two-family residences and construct two (2) two-family dwellings per land use code. Construct two (2) two-family dwellings  per plan. Review and processing of 2 records under 7108305-CN.),,2026-02-09,,,,2026-06-08,2026-06-09,,,,2,2,0,,Dependent Building,Single Family/Duplex,,DV0065175,0,119,0,0,0,,
7127788-CN,"11534 16TH AVE NE, SEATTLE, WA",Northgate,residential,223214,new,Construct NE one-family dwelling (Allow (1) single-family residence & (2) detached accessory dwelling units (DADU) to existing single-family residence  per land use code. Construct (3) one-family dwellings & alterations to existing (1) family dwelling  per plan. Review & process for (4) records under 7093693-CN),,2026-02-04,,,,2026-07-13,2026-07-13,,,,1,1,0,,Dependent Building,Single Family/Duplex,,DV0351058,0,159,0,0,0,,
7131189-CN,"1755 NE 89th ST, Seattle, WA",Maple Leaf,residential,289079,completed,Construct West middle one family dwelling (SFR C)  per plan. (Establish use as detached housing units  per land use code.  Construct 5 one family dwellings  per plan.  Review and processing for 5 records under 7120309-CN),,2026-02-26,,,,,,,,,4,5,1,,Dependent Building,Single Family/Duplex,,DV0077008,0,,0,0,0,,
7135370-CN,"14314 27th AVE NE, Seattle, WA",Pinehurst,residential,45000,active,Construct alterations to existing one-family dwelling  subject-to-field inspection (STFI).,"#385 SUND JAMES INTERIOR REMODEL Construct alterations to existing one-family dwelling, subject-to-field inspection (STFI).",2026-03-26,2026-03-31,,2027-09-30,,2026-03-26,Nucon LLC,Single Family/Duplex,NUCONL*762RQ,0,,,Single-Family Add/Alt,Field,Single Family/Duplex,Licensed Contractor,DV1112431,0,,0,1,0,https://services.seattle.gov/portal/customize/LinkToRecord.aspx?altId=7135370-CN,Issued
7144460-CN,"2622 FRANKLIN AVE E, SEATTLE, WA",Eastlake,residential,6000,active,Construct alterations to one family dwelling  subject to field inspection  STFI.,"BATHROOM REMODEL Construct alterations to one family dwelling, subject to field inspection, STFI.",2026-05-22,2026-05-28,,2027-11-28,,2026-05-27,NOBLE WOODWORK INC,General Contractor,NOBLEWI821JB,0,,,Single-Family Add/Alt,Field,Single Family/Duplex,Licensed Contractor,DV1200838,0,,0,1,0,https://services.seattle.gov/portal/customize/LinkToRecord.aspx?altId=7144460-CN,Issued
7147197-CN,"3421 WOODLAND PARK AVE N, SEATTLE, WA",Other Seattle,residential,925000,new,Shoring and Excavation for construction of mixed-use apartment building with below-grade parking   per plan.,,2026-06-24,,,,,,,,,0,0,0,,Full +,Multifamily,,DV0047311,1,,8,0,0,,
7153132-CN,"8523 GREENWOOD AVE N, SEATTLE, WA",Phinney Ridge,commercial,69340,active,Construct Tenant Improvements to basement level of existing restaurant (Razzi's Pizzeria)  Subject to Field Inspection (STFI).,,2026-07-15,2026-07-16,,,,2026-07-15,,,,0,,,Commercial Add/Alt,,,,,0,,0,0,0,,
